ensemble,lead_000_cab_gridcells,lead_024_cab_gridcells,lead_048_cab_gridcells,lead_072_cab_gridcells,lead_096_cab_gridcells,lead_120_cab_gridcells,lead_144_cab_gridcells,lead_168_cab_gridcells,lead_192_cab_gridcells,lead_216_cab_gridcells,lead_240_cab_gridcells
gep01,0,0,12,8,0,0,0,8,0,0,0
gep02,0,0,0,12,0,9,0,21,8,0,9
gep03,0,8,0,9,19,0,0,0,0,0,0
gep04,0,32,8,12,9,16,29,19,0,0,8
gep05,20,8,0,12,0,0,0,0,0,0,0
gep06,0,0,17,10,11,17,8,8,0,0,0
gep07,0,0,0,9,0,8,19,0,0,0,11
gep08,0,0,0,10,13,15,0,8,0,0,0
gep09,0,10,0,27,9,9,0,20,0,0,10
gep10,0,0,0,13,8,0,0,29,0,0,0
gep11,0,8,19,10,0,0,0,9,0,0,8
gep12,0,0,0,0,10,0,0,8,0,0,0
gep13,0,8,0,12,9,0,11,13,0,0,0
gep14,9,0,0,16,11,0,17,0,0,0,0
gep15,0,0,15,20,10,0,8,0,0,0,17
gep16,0,0,0,9,10,0,0,0,0,0,0
gep17,0,0,8,8,0,0,0,8,0,0,0
gep18,11,0,0,8,0,0,0,15,0,0,0
gep19,0,0,26,0,17,0,0,21,0,0,0
gep20,0,0,0,12,8,14,17,9,0,0,10
