ensemble,lead_000_kd_gridcells,lead_024_kd_gridcells,lead_048_kd_gridcells,lead_072_kd_gridcells,lead_096_kd_gridcells,lead_120_kd_gridcells,lead_144_kd_gridcells,lead_168_kd_gridcells,lead_192_kd_gridcells,lead_216_kd_gridcells,lead_240_kd_gridcells
gep01,0,27,13,11,7,0,33,9,6,18,13
gep02,9,14,11,16,8,9,10,0,6,20,30
gep03,8,13,33,0,6,0,10,6,0,13,29
gep04,32,23,36,0,16,24,6,0,0,6,29
gep05,0,20,0,6,7,8,19,6,0,0,7
gep06,6,13,0,8,0,7,0,0,0,6,32
gep07,20,29,0,6,7,18,13,0,7,8,0
gep08,6,28,23,29,6,6,0,6,14,38,12
gep09,11,16,22,6,0,17,0,22,6,22,16
gep10,14,19,0,7,6,7,8,10,11,23,13
gep11,16,40,6,31,6,15,6,24,20,0,31
gep12,12,0,6,11,9,21,12,15,9,28,48
gep13,11,13,7,22,8,25,9,0,0,13,22
gep14,12,10,0,19,6,9,21,7,7,28,34
gep15,7,21,7,12,0,10,8,7,0,0,0
gep16,9,6,12,14,0,12,8,9,14,13,14
gep17,13,9,20,6,0,20,17,0,33,28,6
gep18,0,19,11,23,8,17,28,0,7,0,0
gep19,14,14,11,7,0,7,17,17,22,12,6
gep20,0,32,9,7,24,9,6,7,8,0,8
