ensemble,lead_000,lead_024,lead_048,lead_072,lead_096,lead_120,lead_144,lead_168,lead_192,lead_216,lead_240
gep01,4.214607585429966,4.097320623470308,5.024172026075163,5.605913605913606,5.932696136997213,6.539370778528261,7.13205251360871,6.190643591130341,3.1470612311722332,2.999189857009762,1.8582981715893108
gep02,4.44810078977059,4.89413823272091,4.866726718997985,3.1245658670543577,4.725139746984407,4.665324184566428,6.295570375189763,5.783053671307867,5.6729651162790695,5.340234322992944,3.7188599421064352
gep03,4.335787953795379,4.3989604462474645,4.654332014801582,3.757212397284744,5.712533140515786,6.634144015259895,6.132276034561164,5.774151601649224,7.662256724251039,4.459752839011355,5.593378607809847
gep04,4.300560259488606,4.553021391539232,4.796133917895576,2.255605117971593,3.0142500100778005,3.0393679493123167,2.5682875942866312,2.5969516699716166,2.9740116395745537,5.8041566746602715,5.525055106539309
gep05,4.286684270086759,4.078144078144078,4.498618471712643,4.421979166666667,4.487691466083151,4.622004734684451,4.057984845855747,4.6556561376476635,5.086115142718917,4.429704200845141,3.6949630916196265
gep06,4.183760683760684,4.29809001191084,4.585954565312364,2.639458884328925,5.235869565217391,5.910377358490566,6.501498608435025,7.049485352335709,7.192142310184368,6.077295295800724,6.673533900152605
gep07,4.412322073507542,4.482821128957464,1.108703680906069,1.1879916909749846,1.4297356927371787,0.7600769927536232,2.489174508453829,2.1085043988269794,1.6508829719095983,1.970790827447903,0.5004884569900766
gep08,4.093489219299361,4.118565941101152,4.42604767655083,3.651657365127685,3.504527162977867,3.3338943702843875,4.181646837083284,3.9961939772009956,3.4417442814830674,3.662441068622315,4.84631622207278
gep09,4.4033950617283955,4.451069385724944,4.890479317137229,4.913427645994093,5.656803866998682,3.757140286960824,2.863862887848847,3.4134572002789056,2.4926099495313627,3.3178190233305,2.575996892801657
gep10,4.382467964719588,4.279522796479372,4.452848318462594,1.4812590975254731,2.1022807430049375,3.083294782832177,2.2388388264823273,0.21796448927707385,0.4448447204968944,-0.2632926266314155,-1.0028572629102064
gep11,4.34917211060438,4.291629124297421,4.157922446550382,4.7916902738432485,3.820434801781541,3.866600883375623,3.2500957029380806,1.6340722376160615,-0.6311470275010963,-0.528867957439386,-0.43297415572619935
gep12,4.430447511501463,4.6340305402284105,4.313959198250078,2.7339261037166342,4.3536,5.97491013659238,5.821147389139747,4.906137408373711,2.0797017012351433,2.8807993407498973,1.1599502487562188
gep13,4.290685113631642,4.445772178204962,4.852136150234742,2.453759003873023,3.866251520107351,3.0375451115485568,3.298054654932839,3.761548805568739,3.1917372881355934,3.0178925210500247,3.3745598591549295
gep14,4.457748519852607,4.359778365445158,4.134983544245121,2.1987049692061085,3.213649913927027,2.8468303946263642,2.992992399279469,1.9671643008647413,0.8028793610760824,0.2406110895025714,-0.14538874329215024
gep15,4.369146862427938,4.2974071632608215,4.6937803692905735,1.8348767337531382,5.393910049494297,3.4892243570194164,3.8692378434302794,3.0580483091787443,2.7171243193141,3.933834048640916,3.9978396325101198
gep16,4.439378923026098,4.288547952240339,4.79675249362097,5.270794065052438,4.193602693602694,3.141461563996775,3.106762698137221,4.0023014105419445,3.3211891643709825,2.459654055896387,-0.29223771266540643
gep17,21.366666666666667,5.164888010540184,5.1258313381218406,5.632846649542607,4.839935404198727,6.2271123050990305,6.828453252395406,4.626287736271612,3.997149520601192,4.673608209128477,4.961628677782877
gep18,4.284179357021997,4.491873503842762,4.476206227397018,1.9313600062029928,4.362021857923497,5.042992176019699,4.999507449821451,4.89387952230418,4.400626410575284,3.707704851202609,3.6912450429250008
gep19,3.9737968346253227,4.537495313085865,4.308246041995504,4.824759603997916,5.415175522469608,5.854800401936604,4.510374082377247,4.422152350370172,5.131791647956892,4.008956669087389,2.3593070589323712
gep20,4.097368755561205,4.306783672740265,4.571214596949891,1.6101312953164804,2.4969785575048733,3.2795048560527227,3.7688085676037484,2.6344026034402606,0.7674832495812396,1.2569390569778467,0.1154001290738948
